col1,col2,col3
1,0.202170547,ABC
1,0.989150868,DEF
2,0.960103268,GHI
2,0.808299626,JKL
3,0.118553727,MNO
3,0.235942506,PQR
4,0.228518105,STU
4,0.965406454,VWX
5,0.486689613,YZA
5,0.969822373,BCD
